pixel_nest,prior
0,0.48309810398924646
1,0.48101804822201694
2,0.5003216871095986
3,0.4873567686676927
4,0.484396359287708
5,0.49588549342368016
6,0.4931781557827029
7,0.49673277891386947
8,0.4972005000915524
9,0.47925346655644296
10,0.4854410086794688
11,0.48078745568163905
12,0.4797712195200114
13,0.4771799953628131
14,0.48653742412470163
15,0.5115108805980624
16,0.4978347618429909
17,0.4784492926426903
18,0.4862389737433637
19,0.47788400018859367
20,0.4718455690048293
21,0.47934361527861663
22,0.4870962538870516
23,0.47075127766742253
24,0.47954524184566416
25,0.4724946099446792
26,0.4798241431560948
27,0.4785326497021889
28,0.4798092257733846
29,0.4779630945048978
30,0.5203109669027962
31,0.4750200510559772
32,0.4834616549810735
33,0.4848047540928682
34,0.5068202308055529
35,0.48227660139290346
36,0.48440440755560454
37,0.4798202545455546
38,0.5033707869396956
39,0.48494453783415964
40,0.47732962943533425
41,0.47457244276050503
42,0.4849418605283257
43,0.4696366527034075
44,0.5103692251982193
45,0.46806504236418983
46,0.4977229546070831
47,0.4795301845924102
48,0.5094057753186889
49,0.47634568790320014
50,0.5059869879364906
51,0.4802993005280453
52,0.47834218184570126
53,0.47283843358882577
54,0.48626729500494587
55,0.47386819817783604
56,0.4804171394394555
57,0.4775483983905258
58,0.47510854267869884
59,0.4696248289605306
60,0.4734627578595746
61,0.4702409009830228
62,0.47692851173298434
63,0.559968673875541
64,0.47466343419573637
65,0.4710147588134842
66,0.47219170717898457
67,0.46922308170121024
68,0.4752953842401002
69,0.46861794348754165
70,0.46969029311909843
71,0.4703768698312141
72,0.4725369561155886
73,0.4742479021415515
74,0.46678647141077134
75,0.47061325689988165
76,0.4807749694270977
77,0.4718676963792557
78,0.4691055007108918
79,0.4701447103237775
80,0.46810420368953487
81,0.4682603751641071
82,0.468846602506002
83,0.46700227652866333
84,0.4678633546742734
85,0.46835913848909405
86,0.46923180393943725
87,0.46757523682501434
88,0.4683547282112628
89,0.46794994430856407
90,0.46888599761808675
91,0.46649948146430614
92,0.4674339951593754
93,0.4701245519144599
94,0.47029018596007427
95,0.4697361423125719
96,0.4708022571004404
97,0.46920920667242866
98,0.46851434806361014
99,0.4710012352554487
100,0.47315546921797097
101,0.4697900371478502
102,0.46821200467189483
103,0.468011794620943
104,0.47130824211396116
105,0.46728997778119613
106,0.4720306025316232
107,0.4684334905935575
108,0.4680751650274393
109,0.46924055150128363
110,0.4692786205570912
111,0.46849991330511315
112,0.4691134653892178
113,0.4817559553989445
114,0.4685416613570321
115,0.4671510186627231
116,0.469252926392447
117,0.4682255692154028
118,0.47289370436319217
119,0.4687455911735597
120,0.46795304381195746
121,0.4677848038283713
122,0.4697710735433292
123,0.4692496750992968
124,0.46644121925593296
125,0.47648471103437345
126,0.4716510783063084
127,0.4688614836173385
128,0.49006710297313105
129,0.4668110790953709
130,0.48711353160828963
131,0.5072858790965993
132,0.46644121925593296
133,0.47342325135659485
134,0.48092081799352665
135,0.4774894814581313
136,0.4775529505942375
137,0.48483311093038656
138,0.4861898063460236
139,0.47405056847575616
140,0.4718434712883364
141,0.48644159463802444
142,0.47688433372160677
143,0.472795399215727
144,0.475831033195632
145,0.47197888040660035
146,0.47153855169338516
147,0.4781152752228706
148,0.4786182847155812
149,0.47893438430582375
150,0.47071836086642893
151,0.4688162361390429
152,0.47510277621638264
153,0.47291434508417884
154,0.475901745046062
155,0.46996729780355373
156,0.4694730173610487
157,0.4691085773840933
158,0.47114325479363356
159,0.47077523111108915
160,0.4776628683008253
161,0.4721420670153257
162,0.479778671687261
163,0.47651365161242615
164,0.47216028065687093
165,0.472721641411734
166,0.4705898956469056
167,0.47021562005672535
168,0.48223096961163725
169,0.4851220257126565
170,0.46856944703089276
171,0.4699601657510554
172,0.4712177595880523
173,0.46914267149384264
174,0.4694624572222674
175,0.4678823091203567
176,0.4778757869923104
177,0.46938704244264207
178,0.46989964875416257
179,0.47945907186736847
180,0.4687199167848536
181,0.46828829549210566
182,0.46838774078168555
183,0.4675883446677431
184,0.4665360619664706
185,0.4673484953742479
186,0.4692965741349879
187,0.46719237160494576
188,0.46644121925593296
189,0.46830736062153583
190,0.46787917597913076
191,0.46880463178017756
192,0.4725702293991603
193,0.46907528220732353
194,0.4685457029350107
195,0.4686729693709635
196,0.4674852323064873
197,0.48069622863947387
198,0.46838732126888394
199,0.46819677430303447
200,0.4679420008410823
201,0.4685086779279967
202,0.4680855810143045
203,0.46750305893328953
204,0.4676861369061113
205,0.4679304675831579
206,0.46791793307677504
207,0.4673455799450625
208,0.4680787170419983
209,0.46859969696753057
210,0.46815744239571394
211,0.4702581917840515
212,0.480807293584816
213,0.47190137801361776
214,0.47706493656733046
215,0.4809234052725841
216,0.4676697782954427
217,0.4692393456289016
218,0.4673919133207188
219,0.4699158482210162
220,0.4691414580102262
221,0.46979418375873333
222,0.47006639069347544
223,0.47412735231297226
224,0.4670101960772708
225,0.46707551987890383
226,0.46864153323914537
227,0.4679877548076342
228,0.4666689786147487
229,0.4683009800365286
230,0.4678605547053405
231,0.4676360600724567
232,0.4668489183371767
233,0.46739384096387093
234,0.4676192648520193
235,0.46773824688861726
236,0.4689102142471998
237,0.46807803172150786
238,0.46644121925593296
239,0.46817189113747487
240,0.46976761780036813
241,0.4719704934025033
242,0.46824019323824073
243,0.4684881646845605
244,0.47176534771389883
245,0.4728101055673693
246,0.4694400153260825
247,0.4914097573295883
248,0.46937716716018363
249,0.47084195264436174
250,0.4720493912505976
251,0.46992489777383767
252,0.47421867221642106
253,0.4710847307154953
254,0.47288772831128306
255,0.4714873211556482
256,0.47229238536171264
257,0.4833045954714561
258,0.47253617759498834
259,0.46785214440421247
260,0.4775675725325142
261,0.4874891416394319
262,0.503630107101509
263,0.4986675371357424
264,0.5312583838329021
265,0.4764709752994568
266,0.479040894512489
267,0.4832742201765621
268,0.4770078006086809
269,0.4828729932660493
270,0.46672944258882926
271,0.4735170549832196
272,0.4936267596239637
273,0.4815162058273065
274,0.46644121925593296
275,0.4900219239213436
276,0.49066941523166174
277,0.49390000139196044
278,0.48783210874464905
279,0.5354581551340923
280,0.5096739591005797
281,0.4781026069403021
282,0.48635291756570115
283,0.4940492767661171
284,0.4905681315376772
285,0.5026230242499521
286,0.48453021954985154
287,0.48620726626285293
288,0.47756942140788444
289,0.4835123408641579
290,0.47431946934404584
291,0.47531016682235716
292,0.48810129883312525
293,0.47931543621494305
294,0.46838463290570265
295,0.47666082388000647
296,0.47139328719407225
297,0.47914140766681507
298,0.4727513826085782
299,0.47222667211511726
300,0.4842854136229804
301,0.4696800704070427
302,0.4858116966526453
303,0.4751504266717753
304,0.48178821795091015
305,0.48875186982416524
306,0.4764060621432873
307,0.4875666358884909
308,0.511588458305228
309,0.5179236925162858
310,0.492417304093476
311,0.49912714509872225
312,0.506375665345859
313,0.4846745306879305
314,0.4845787619987451
315,0.47672112777842407
316,0.47290572601480496
317,0.519415336019504
318,0.508184739016785
319,0.4837018215229472
320,0.5213920092358224
321,0.508424364238026
322,0.5158823591163442
323,0.5585651487980202
324,0.49574604469197503
325,0.4920164516537336
326,0.48591927430788906
327,0.4780795031486973
328,0.48507696774460773
329,0.48404272912322044
330,0.48912665074245854
331,0.4824079720901156
332,0.490970048314449
333,0.6238064733208954
334,0.49183606316991507
335,0.5168637144831275
336,0.48139770141491667
337,0.49871032843341473
338,0.5058488995207437
339,0.493470392791702
340,0.5521111587444749
341,0.6772864846484988
342,0.4972007818554654
343,0.5693550659950973
344,0.46644121925593296
345,0.5479532875407636
346,0.5073342196890802
347,0.4896479722281859
348,0.4895770205015944
349,0.4937834890697098
350,0.4701879251632254
351,0.48743415998643547
352,0.48855746048157267
353,0.5351649228395999
354,0.5047502361231955
355,0.48038114289917394
356,0.48691194511025354
357,0.48270567546287907
358,0.5384658206263099
359,0.4912081388886465
360,0.48266937387425485
361,0.4996045360910991
362,0.4904048640118993
363,0.4678583546449862
364,0.4851521518623576
365,0.4862612618349381
366,0.5030306744303283
367,0.48888254832540745
368,0.4909287539182425
369,0.5380483595140227
370,0.4969991506150276
371,0.4783065793000454
372,0.5082943237048914
373,0.4866635850579972
374,0.4850572618263015
375,0.4922490550244954
376,0.4852366478400115
377,0.49423480911641765
378,0.527753037875673
379,0.4904597711222594
380,0.5690806121060514
381,0.49559390512176993
382,0.48564659210308914
383,0.48204818032669006
384,0.46986132970963046
385,0.4895094069954385
386,0.4735890505293088
387,0.4714500736235129
388,0.4732895004055465
389,0.47796382922998015
390,0.472943338572899
391,0.46726204335991933
392,0.46866595997715793
393,0.4715964710000989
394,0.47029129305621525
395,0.46954026688937056
396,0.4734934084474297
397,0.47401041628315677
398,0.47120474795168116
399,0.47240899878693865
400,0.49580816069162226
401,0.47974533801563335
402,0.48905433395619086
403,0.47746930863527
404,0.47617308845772943
405,0.5466376641635882
406,0.5092285940726026
407,0.48662205744055953
408,0.47860988560770257
409,0.6034757894971771
410,0.47667376052507143
411,0.47765793428189024
412,0.48528296884968447
413,0.49457232229596637
414,0.4808239863694654
415,0.48864291266002136
416,0.4683034494474705
417,0.4802132484426401
418,0.4683519106578946
419,0.4695840045214099
420,0.47224184166732364
421,0.4742848441316757
422,0.4702455646826008
423,0.4672315905640617
424,0.46787828024402284
425,0.48465413362449433
426,0.46985499156138566
427,0.46813420426204294
428,0.4695248372423629
429,0.4740262184128534
430,0.469821007630622
431,0.4733220158513065
432,0.47320151076113093
433,0.5001821468996231
434,0.4717137695520741
435,0.47303473406677965
436,0.4766998866208074
437,0.48405894071304023
438,0.4722318699687547
439,0.4712685994555398
440,0.47048811029582577
441,0.47094713618543654
442,0.4698250918800899
443,0.4706800196475681
444,0.47101768739058447
445,0.4737330428217757
446,0.4739764136541864
447,0.47688806607130857
448,0.5020188472548912
449,0.4969721300375365
450,0.48200773991232265
451,0.49400642453469973
452,0.5210895797815563
453,0.4896359690550482
454,0.46644121925593296
455,0.49253142259306804
456,0.5003476576556296
457,0.5175298195331013
458,0.4806430855704911
459,0.47710253885995524
460,0.48908804848828064
461,0.4884030208587527
462,0.48491006454485386
463,0.4797360506217784
464,0.4920547546236368
465,0.4784295544824388
466,0.5323290868602664
467,0.5035139168908799
468,0.6568325637256108
469,0.5317584503710882
470,0.4913850544638443
471,0.4809037947277464
472,0.4758012813719339
473,0.48722860960009307
474,0.6720025296654811
475,0.48403517151377584
476,0.48185917576413706
477,0.5038429971581937
478,0.4777786998910842
479,0.4781405545512462
480,0.4761664267161341
481,0.480562752717258
482,0.47434753781375916
483,0.4819742484019764
484,0.4844523928799015
485,0.48298171671735074
486,0.4754501367481216
487,0.48476088885583846
488,0.47149212500992255
489,0.5828933426537367
490,0.47361003285568365
491,0.4720525741290645
492,0.477678226405618
493,0.474780241457581
494,0.4754655210066467
495,0.4747586389332829
496,0.47699696314831214
497,0.48121462449617136
498,0.47290074735096416
499,0.49172248791523177
500,0.48008192159116747
501,0.4671189977412654
502,0.5051036895559127
503,0.4791864560969754
504,0.47011670508912967
505,0.4731172379773349
506,0.47629820575098497
507,0.4794130912246895
508,0.47765167306384443
509,0.47863440935898627
510,0.4806354668265853
511,0.5466015653272835
512,0.47848231924502654
513,0.5978398651812428
514,0.47004351640897396
515,0.4843271667600865
516,0.47667727062844556
517,0.48116949994966207
518,0.4778155489393164
519,0.4858572655929448
520,0.46880973684667354
521,0.47818789351362834
522,0.48875025889276896
523,0.4804091027695377
524,0.48300364358508235
525,0.4763363842150662
526,0.49414836810404905
527,0.4863413540044613
528,0.5025175162945401
529,0.4721812280709596
530,0.5646232311512921
531,0.4762604609280093
532,0.4738381641896238
533,0.4727524481635648
534,0.46668061730527854
535,0.47200030433856704
536,0.48357016448253126
537,0.47982596518144116
538,0.4825933799495164
539,0.47751300807969377
540,0.49315712309408605
541,0.469083929738868
542,0.4780880335474702
543,0.47748342901859575
544,0.4894087849182492
545,0.5141482998904914
546,0.6243409716346192
547,0.4961613128619863
548,0.4896070433636405
549,0.49177104914821107
550,0.479790737495599
551,0.4826097906805241
552,0.4864910394932771
553,0.47687023427861347
554,0.47879864146607304
555,0.4674327273189208
556,0.49733896619149476
557,0.47956710715641715
558,0.48074317893909013
559,0.5415998083645476
560,0.47717928209143523
561,0.48232010240763945
562,0.5036068745727343
563,0.4883356795345142
564,0.4836945419584287
565,0.4769945514633987
566,0.48518637201700643
567,0.48977789269533695
568,0.48727915612246875
569,0.5087600322508334
570,0.4824553578042666
571,0.46644121925593296
572,0.4897984574107593
573,0.48799200782956775
574,0.4874764619139071
575,0.4741325120056285
576,0.47684557981457526
577,0.4770356009227134
578,0.47185200163957397
579,0.4738667886781866
580,0.4807567619908027
581,0.4798630064888721
582,0.46908220290976227
583,0.47621130183453303
584,0.4666904157148655
585,0.47021186637320156
586,0.4734747617863049
587,0.4787486551864606
588,0.4787020063150528
589,0.4931340931283622
590,0.5058959815418648
591,0.48809297586258815
592,0.47198505568903387
593,0.46969686174449565
594,0.48493883383582637
595,0.47543445897269965
596,0.471271972750176
597,0.4686723358924532
598,0.47683529272014535
599,0.48630055490929475
600,0.47589571710678114
601,0.4729495180652325
602,0.4901269746309207
603,0.4857386223054804
604,0.7737976903510159
605,0.47746584215306126
606,0.47316784810727675
607,0.4763203910473024
608,0.479048636589774
609,0.47822773567494203
610,0.4779473750439545
611,0.4869120751772598
612,0.4809850025140333
613,0.47924925782300326
614,0.7212786466738851
615,0.47470156301972644
616,0.5044698167232705
617,0.4756997745135645
618,0.4908799084750122
619,0.48253210833233995
620,0.47894907706305984
621,0.48918691190954644
622,0.4958529070163449
623,0.5410341670774108
624,0.4805511028607778
625,0.4768959350506464
626,0.4751812487029958
627,0.4808521130363685
628,0.4734644851226495
629,0.4755411588805676
630,0.4934257658186812
631,0.4719020749197934
632,0.4817695876698854
633,0.48051615612194865
634,0.5021668420176124
635,0.4756827162470752
636,0.4731065731377801
637,0.47501510695274085
638,0.4684140718596229
639,0.4784139461591537
640,0.4955777135543309
641,0.5035101783567627
642,0.480900486356146
643,0.49284531082790733
644,0.5152931457749059
645,0.526560710368482
646,0.4878461752511906
647,0.4992973527639479
648,0.4788730225050221
649,0.5610414364161848
650,0.49293728029954925
651,0.5093313252449496
652,0.4913302669294191
653,0.49091389105561484
654,0.4840713931596455
655,0.4938009905773029
656,0.47690596502890037
657,0.4845156403291361
658,0.4800633962127805
659,0.46644121925593296
660,0.4798649046184708
661,0.5086603477027558
662,0.49054004512644633
663,0.49286520889153135
664,0.5004149006752063
665,0.48659253393555296
666,0.479950448146504
667,0.4939939102852945
668,0.48889820276354884
669,0.48874986045302626
670,0.46698707517439003
671,0.5537436607432416
672,0.576575540026589
673,0.5051935031423634
674,0.4870722040154045
675,0.5369195268070235
676,0.47783664432250106
677,0.49302628282066324
678,0.4917860492147603
679,0.4756863334000393
680,0.4926216777639965
681,0.5004039742631865
682,0.5142422304005677
683,0.5031660202320533
684,0.5043621428018831
685,0.48569508356344937
686,0.5297595772689679
687,0.48746413491430085
688,0.4799622732111051
689,0.4876154262347459
690,0.47735478380096974
691,0.5003845755605163
692,0.5160670515937853
693,0.49009952805175766
694,0.517566006172136
695,0.8727534480348716
696,0.5045852889264928
697,0.5560553805236217
698,0.4819881259243373
699,0.49569591140681807
700,0.49897013166982507
701,0.5099629425232636
702,0.5014490368231422
703,0.4778942354831666
704,0.5155270348398663
705,0.4832697880506455
706,0.48387405836034786
707,0.46822209067529225
708,0.49073635189878545
709,0.5441511179093025
710,0.4834798574910113
711,0.48251699267625553
712,0.48312070491832837
713,0.5060451312034576
714,0.6674449511990787
715,0.4830843028234492
716,0.4803270017984632
717,0.4779942949217915
718,0.4895634265397392
719,0.48686913380224234
720,0.4790171180464394
721,0.474463663605226
722,0.47848998220113864
723,0.5554889863437645
724,0.47706259219617436
725,0.4837692829176868
726,0.46858960713958103
727,0.4710638468206597
728,0.5205747459150916
729,0.4766629292441809
730,0.48155829200682543
731,0.48294619873186156
732,0.46726221518896394
733,0.4758156120366032
734,0.47478940271556835
735,0.4777350967957692
736,0.4908601155906001
737,0.4698561778832856
738,0.48621300570557724
739,0.48165243201682717
740,0.5134801823465497
741,0.48768046477513755
742,0.49340275746364853
743,0.48748357434278833
744,0.48495384397313734
745,0.49679794811998795
746,0.4831070169596377
747,0.4910393593827269
748,0.4677846420625097
749,0.4897208055532701
750,0.5004043983160492
751,0.5193028757398157
752,0.47999728992928764
753,0.48760712224710157
754,0.4788741040956998
755,0.4770332711474069
756,0.47710604763447295
757,0.47508657155570055
758,0.47457739887937855
759,0.4756757365745509
760,0.5459322301414287
761,0.49267583182286706
762,0.4989336531259824
763,0.48103348961206005
764,0.4807006519461141
765,0.4766624426781049
766,0.48129587170409116
767,0.48075585330210646
768,0.4678598489473078
769,0.4742839072355326
770,0.4685061315529323
771,0.4752601530709583
772,0.47577412231216953
773,0.47094426786851756
774,0.4742293057862137
775,0.4682939621115322
776,0.4734501986838215
777,0.47272533175687564
778,0.4685655951279723
779,0.4676742813915473
780,0.4745077940092825
781,0.4704265933964475
782,0.4676752309498692
783,0.46909666024868263
784,0.4774126365577683
785,0.4726299472440494
786,0.47219837287623795
787,0.47256020394732023
788,0.46644121925593296
789,0.468603265075362
790,0.46921328740846624
791,0.4722678053288768
792,0.471086552262069
793,0.4707193792358609
794,0.46890148061910925
795,0.46806973224711035
796,0.47041107576548497
797,0.46963145853682503
798,0.4690023129714307
799,0.47175213130319854
800,0.46728367364221207
801,0.46697249808379643
802,0.4669649202605991
803,0.46825125940530565
804,0.47320706927409933
805,0.46795809443701103
806,0.4670506765116394
807,0.467280568282458
808,0.46716969005652276
809,0.4669736422971689
810,0.46664388678009866
811,0.4666221785363599
812,0.46675847638850176
813,0.4683026768340577
814,0.46649619685604515
815,0.4671099429903373
816,0.47031130648880914
817,0.4675804834256907
818,0.4671246756674858
819,0.46773121596871986
820,0.46809518888360396
821,0.4690745868115337
822,0.4676784965082369
823,0.4675822294586193
824,0.4670350262136608
825,0.46688911134284317
826,0.4667875272858077
827,0.4671800805374992
828,0.4671140678448292
829,0.46693091479963905
830,0.4671866810400314
831,0.46691877570432994
832,0.481356869099027
833,0.47536530264614296
834,0.47179298100170136
835,0.4710517886787457
836,0.4726302693827722
837,0.47207498731128156
838,0.4716117845209185
839,0.47218564574590766
840,0.47071657311178405
841,0.4699766899550809
842,0.47034582937244673
843,0.4695128003537762
844,0.47041084383039294
845,0.47008211359918867
846,0.4718999504611509
847,0.4715550252654184
848,0.47243056803160355
849,0.48329310149008436
850,0.4801491540132154
851,0.47301905945608397
852,0.523024891764489
853,0.4705617834517433
854,0.47186347109295695
855,0.4709468902429068
856,0.47535401611605577
857,0.46885308381934454
858,0.4686616209611347
859,0.46809367675493235
860,0.4697658613104738
861,0.46991649026613247
862,0.469872761991847
863,0.48634820183971084
864,0.47139080699517477
865,0.46845833315948443
866,0.46819007290248554
867,0.4692243536352542
868,0.4683285787139802
869,0.4704492938472581
870,0.46735902116696526
871,0.46710771325576356
872,0.4718726552075766
873,0.46727034244080184
874,0.4671358581232919
875,0.4675352598851279
876,0.46724951827297223
877,0.4669893779063545
878,0.466858440195671
879,0.466941449342478
880,0.4694750513932053
881,0.46788164698030804
882,0.4676351505870863
883,0.46791307018416195
884,0.4671240761890749
885,0.4833318711270953
886,0.4673909354117768
887,0.46952410183588583
888,0.4678256242033568
889,0.4670380121188676
890,0.4670055940024671
891,0.46772834982322853
892,0.46712420192931053
893,0.46770351780952313
894,0.4687069972072989
895,0.46769256889110483
896,0.46668889597466995
897,0.46668740751871063
898,0.4668110896725743
899,0.46656944426184616
900,0.466640077452637
901,0.46667806680772783
902,0.46657525496925684
903,0.46661035883978436
904,0.4682271632361923
905,0.46688179450138734
906,0.46812126735005305
907,0.4674566423032759
908,0.4673394119373122
909,0.46713189732918087
910,0.468859061617037
911,0.4669166769520373
912,0.46680263527663934
913,0.46695788837355967
914,0.4669643750995444
915,0.46668943111342115
916,0.46758992573571945
917,0.46905818118726594
918,0.46833182333906304
919,0.46769875095723823
920,0.46726427501170925
921,0.4667085540955595
922,0.4668800765785394
923,0.46853290473402937
924,0.4671538366518961
925,0.46813277844244366
926,0.46741109846249307
927,0.46763741854244173
928,0.46867633652536933
929,0.46753583294191053
930,0.4677706347570717
931,0.4689282046269564
932,0.46838186995404
933,0.46753756362420956
934,0.4698583199544192
935,0.4679591971597449
936,0.46768250080088225
937,0.46783905173986784
938,0.4705977254699701
939,0.47016486297672866
940,0.46904778344435744
941,0.46992714373013017
942,0.46749453411731223
943,0.47318338670425725
944,0.4737585611899686
945,0.4675841655381183
946,0.5236296611362561
947,0.4680902534892933
948,0.46782519896926883
949,0.468941920908392
950,0.4698462317210688
951,0.4700804345585974
952,0.5366092772939907
953,0.4698333362434373
954,0.4710346018760331
955,0.4716615525360314
956,0.46823250687023055
957,0.4719839685632823
958,0.4813028159213649
959,0.47781531753269446
960,0.46709165441720013
961,0.46679313073098455
962,0.46655288454884775
963,0.46726682045776613
964,0.467095281264559
965,0.46694557529572817
966,0.4675931665190027
967,0.46694146623982047
968,0.46794120553154617
969,0.4664793587576353
970,0.4676302451219194
971,0.4682459472767659
972,0.4673649127882526
973,0.46921364435522395
974,0.46921235322453064
975,0.4684924128132549
976,0.4671561969677153
977,0.4788947503815405
978,0.4669571495331671
979,0.4672292320006056
980,0.4676848318883286
981,0.4673464812897777
982,0.470852488995268
983,0.4681386595390824
984,0.4684229543798251
985,0.4674685603443398
986,0.5204675483530576
987,0.4688540337974329
988,0.4672060286215265
989,0.46776059816023224
990,0.4738616095705983
991,0.46888453381366235
992,0.471410232541422
993,0.4760051099985666
994,0.47052410572862535
995,0.47141604882237054
996,0.4679181722691081
997,0.4690738215955243
998,0.4742906517056865
999,0.47473173259052015
1000,0.4721183581286093
1001,0.47169639179285655
1002,0.47315624162028563
1003,0.47558577209707087
1004,0.4706282257486566
1005,0.4709823946866091
1006,0.4838414244586319
1007,0.4755216096357399
1008,0.4696278976885742
1009,0.4686345545131566
1010,0.47086750520973686
1011,0.48589770738772364
1012,0.4745131290972895
1013,0.47137374577457786
1014,0.47037180583870875
1015,0.4745665610566787
1016,0.47439349446500356
1017,0.4722375676761438
1018,0.4719328996952126
1019,0.46766072221813426
1020,0.46899639131341303
1021,0.47215378632288024
1022,0.473274492119403
1023,0.46644121925593296
1024,0.492251538089779
1025,0.4773109208267786
1026,0.6228051237128819
1027,0.4962303907300769
1028,0.5000754830625302
1029,0.48884881473674446
1030,0.47874884529205114
1031,0.48008747387284284
1032,0.48033187351447154
1033,0.49348476450591305
1034,0.4824649434561158
1035,0.4908329957642378
1036,0.49021582011355175
1037,0.5517937810621182
1038,0.5069566899582693
1039,0.48169979979575644
1040,0.49624431539256697
1041,0.5212180332909218
1042,0.5091097505758079
1043,0.48353708182788036
1044,0.4917921333979659
1045,0.5408850726774111
1046,0.6497073707420561
1047,0.4860386123945527
1048,0.5218054048441056
1049,0.49404229392535776
1050,0.48609291940111155
1051,0.4994884903122696
1052,0.49641943881063827
1053,0.5040265771450317
1054,0.49258452621761967
1055,0.5003533876181395
1056,0.48307491261903107
1057,0.4979857269824202
1058,0.48699505682876393
1059,0.48501955695956933
1060,0.48467186538878815
1061,0.5629018279516469
1062,0.6426620994234199
1063,0.5128880691293395
1064,0.4815105758901543
1065,0.48884354308709627
1066,0.4846083640343165
1067,0.526845563841971
1068,0.48415203703328014
1069,0.5272089293400992
1070,0.49867033532256366
1071,0.4908716870557551
1072,0.4772277614695068
1073,0.6003591439934751
1074,0.49856417543154036
1075,0.49159313953023737
1076,0.49566183838782824
1077,0.48748888695682446
1078,0.47569278165584367
1079,0.4899045296919149
1080,0.5058142597672668
1081,0.4959385248857926
1082,0.4862979015567327
1083,0.6326653168675631
1084,0.46644121925593296
1085,0.5022006382983553
1086,0.4859452652051776
1087,0.5173669535712536
1088,0.491802340574231
1089,0.4833734243980616
1090,0.8390465079499261
1091,0.486959491187561
1092,0.48986467545660584
1093,0.5605972131319426
1094,0.5836401557341003
1095,0.5069448005703313
1096,0.533243236444205
1097,0.48700821626146873
1098,0.5261893915143993
1099,0.508756915042655
1100,0.48857229795592316
1101,0.4868256215629616
1102,0.5075357368950618
1103,0.4953559287347791
1104,0.4933050033261982
1105,0.4828565067429408
1106,0.4989974256053964
1107,0.5014738905030485
1108,0.5054373876257797
1109,0.49465410280237027
1110,0.481927715331389
1111,0.4852855953997277
1112,0.48969555718246544
1113,0.4754965134389808
1114,0.4924743394434158
1115,0.5973823866671457
1116,0.4807816998281456
1117,0.5284837969069587
1118,0.5113691168732823
1119,0.5232956367408266
1120,0.49620767247749015
1121,0.5121431836853798
1122,0.7028205768090368
1123,0.4963021655740829
1124,0.505416121669594
1125,0.46644121925593296
1126,0.49315870943392603
1127,0.4891941581043711
1128,0.5297140811348703
1129,0.49345890657598646
1130,0.5361891274445979
1131,0.48281228698984524
1132,0.5226731695347538
1133,0.5082083051461663
1134,0.5838029616333722
1135,0.47608429677695346
1136,0.5449618260573725
1137,0.49590169132451234
1138,0.5006792671961894
1139,0.5277308604829158
1140,0.48127798209556033
1141,0.5164262244725961
1142,0.48847483430545824
1143,0.48412358538537104
1144,0.5171770406479198
1145,0.48901854371786074
1146,0.49946278518340126
1147,0.49023399347455776
1148,0.5143502026866801
1149,0.5060832245613898
1150,0.4837417200597925
1151,0.47908442678678803
1152,0.5004993915762649
1153,0.4816583376433507
1154,0.5023492023121663
1155,0.48611412915072
1156,0.4732218211631532
1157,0.5332089885990541
1158,0.48136145342656705
1159,0.49171655313725865
1160,0.48012182808027
1161,0.47876057494481444
1162,0.48182586496175045
1163,0.4815507219933327
1164,0.4743699555362493
1165,0.4842747936034838
1166,0.4797263108185799
1167,0.49613957794744096
1168,0.48845541001949044
1169,0.4781150606499197
1170,0.4819866007375613
1171,0.48753001213886793
1172,0.4864262338967563
1173,0.5095533116562931
1174,0.4821599987190747
1175,0.4948032635639739
1176,0.4805514523383114
1177,0.47870923437296115
1178,0.5044545804690561
1179,0.48355887966314465
1180,0.5333279394128567
1181,0.4835756712285299
1182,0.47636934964485045
1183,0.49068808197029784
1184,0.48776969022047284
1185,0.4815968009621608
1186,0.47874437408579834
1187,0.47681553300741886
1188,0.47455947227595996
1189,0.48583197255678634
1190,0.5524917138706035
1191,0.47587079433941176
1192,0.4717825473419423
1193,0.4737659184511959
1194,0.47016477792833694
1195,0.47614870867331344
1196,0.47122297536732427
1197,0.4720493930272511
1198,0.4784343079282958
1199,0.4818756163383817
1200,0.4755764660003941
1201,0.4818449441821499
1202,0.5293848169707277
1203,0.4775442909084732
1204,0.4849529018548311
1205,0.491985403620071
1206,0.486891804687335
1207,0.47553379277381974
1208,0.47488375812202815
1209,0.471408236803361
1210,0.47238826519406807
1211,0.4780860873635875
1212,0.4756681253433892
1213,0.4893089078283424
1214,0.48450363163792776
1215,0.48197842740260827
1216,0.4951061192107193
1217,0.47789371170394934
1218,0.5182114248710504
1219,0.49214515089638905
1220,0.5135797767855454
1221,0.48014786437860624
1222,0.4888398992478264
1223,0.48647948086934945
1224,0.48606055711619234
1225,0.6232701307766233
1226,0.48906885361358726
1227,0.48090669499808425
1228,0.4758801068523154
1229,0.4763405323330641
1230,0.48155770209529997
1231,0.48610876643862116
1232,0.4929908169528893
1233,0.5190440861501887
1234,0.48439343675602115
1235,0.5914949697889704
1236,0.4833279185111884
1237,0.4821314898739184
1238,0.9638152837920535
1239,0.49824003150921437
1240,0.5026394250152332
1241,0.5103412576740499
1242,0.474986151542002
1243,0.4839965925370736
1244,0.4836599116845179
1245,0.5127879082095287
1246,0.4861779519828695
1247,0.4890311345653596
1248,0.4910429177202212
1249,0.4941396389234954
1250,0.47632306813870984
1251,0.5010916800375794
1252,0.4884462743400713
1253,0.5937109712948432
1254,0.4928002455652336
1255,0.47622098736927065
1256,0.4741341440336785
1257,0.48018037916899864
1258,0.4847070337663826
1259,0.47545989016394613
1260,0.47060707925121853
1261,0.47479912770422716
1262,0.48540023462552234
1263,0.4831659514598158
1264,0.4981482479553517
1265,0.510528179415235
1266,0.5010169801936466
1267,0.4770430630958172
1268,0.47640398148970964
1269,0.4792290629965368
1270,0.49434089664671654
1271,0.47678352945220975
1272,0.47678702987574517
1273,0.48739761080026744
1274,0.4845002098603713
1275,0.47355818201975525
1276,0.4761746682671701
1277,0.48553684913179845
1278,0.4731447661123241
1279,0.4726533064409779
1280,0.47291477111523234
1281,0.4772236848323126
1282,0.4748448558899773
1283,0.46972938834325606
1284,0.4768247462253771
1285,0.47057675220524864
1286,0.47131001087919583
1287,0.46659753980769925
1288,0.4750029979732429
1289,0.4786482710385263
1290,0.473180736314889
1291,0.48564521947768946
1292,0.4696565116644626
1293,0.46853046281767796
1294,0.47155411713375
1295,0.47095360335354003
1296,0.4719107530608428
1297,0.4673178296396614
1298,0.46676389966800813
1299,0.46805640750398964
1300,0.46725473781998966
1301,0.46806588511746783
1302,0.46744051412997045
1303,0.4678506324837514
1304,0.47085158481130274
1305,0.47349866647474453
1306,0.46738189306232564
1307,0.4693531111494792
1308,0.4689699480812429
1309,0.4678960540458823
1310,0.4681584520935844
1311,0.4696659393241728
1312,0.47999531153693603
1313,0.4702519851559864
1314,0.47662900335250014
1315,0.48553168794760804
1316,0.47716699844838834
1317,0.470978188865187
1318,0.47580072963600406
1319,0.4868505467567193
1320,0.5253744182910363
1321,0.4733063119272098
1322,0.48378695641794445
1323,0.4739987784924072
1324,0.47970708873484824
1325,0.47301831454855586
1326,0.47007091747905805
1327,0.4926023904830696
1328,0.46950987058616694
1329,0.47224447132658565
1330,0.4730262982171005
1331,0.471065720069655
1332,0.4668442879280762
1333,0.4665639181329086
1334,0.46805419928153547
1335,0.46644121925593296
1336,0.4783023720898481
1337,0.4783194413941458
1338,0.4741290760720246
1339,0.4722121882441
1340,0.4682049461547623
1341,0.4682068424005635
1342,0.47635038895398774
1343,0.47374187404082363
1344,0.47075947933801077
1345,0.467279441438524
1346,0.4668792856497896
1347,0.4672719882532623
1348,0.4678781223602394
1349,0.4684939950011227
1350,0.46743054706016507
1351,0.4739507685940592
1352,0.46755777411294586
1353,0.4665840000784691
1354,0.4681902944843057
1355,0.469535572679763
1356,0.4785608456302542
1357,0.46689023177784744
1358,0.4670860725391472
1359,0.46876995565023866
1360,0.4739663594754957
1361,0.47189874654425257
1362,0.47059743339589133
1363,0.4698610503899626
1364,0.47101379273759764
1365,0.4837908915099717
1366,0.4742839628929592
1367,0.47889131896050047
1368,0.4703631490786136
1369,0.46964011146144824
1370,0.4680143094643423
1371,0.4690682198505923
1372,0.4704893645874613
1373,0.48153504870266556
1374,0.4732327955615177
1375,0.4725674571289694
1376,0.4680491552274986
1377,0.4670801125467637
1378,0.4678219001430468
1379,0.4676147918912734
1380,0.46750904888990563
1381,0.4679908479166035
1382,0.46775281625055454
1383,0.46903479931187947
1384,0.4679926332838963
1385,0.4678852599111454
1386,0.47102302977078664
1387,0.4692658120542967
1388,0.4704188177358626
1389,0.4677338142827057
1390,0.4698189435764348
1391,0.46772034773348087
1392,0.4680536651119807
1393,0.47453632443408367
1394,0.46827653792793245
1395,0.4746155109208179
1396,0.4725439717610642
1397,0.4732432550869304
1398,0.46959847064942434
1399,0.4857544710514906
1400,0.4673662552490919
1401,0.4713235656173482
1402,0.46706424525981577
1403,0.46862267684754016
1404,0.47464886839346065
1405,0.47059126341710455
1406,0.4724319359299916
1407,0.4674041267077726
1408,0.4883485678615519
1409,0.475031994327853
1410,0.5413480877388474
1411,0.48330651018530063
1412,0.47394951828514736
1413,0.47467363177166194
1414,0.4746968067122008
1415,0.4851515904445526
1416,0.5103475352129428
1417,0.47224569563699065
1418,0.4788673844990135
1419,0.4890563355596164
1420,0.4853808022827707
1421,0.4743391295307175
1422,0.4966143460239371
1423,0.48168548715451476
1424,0.47310950662556694
1425,0.4673058101296956
1426,0.472592040959667
1427,0.475573438654114
1428,0.46644121925593296
1429,0.47039070301269287
1430,0.46920815711301256
1431,0.46709791432589537
1432,0.47447658908691287
1433,0.4728887676774041
1434,0.48599712765039815
1435,0.4745315853114909
1436,0.4729660576046351
1437,0.4699699297509949
1438,0.47429276328137987
1439,0.47172527289105304
1440,0.5033578459646685
1441,0.5162907473746517
1442,0.4829111351786147
1443,0.49176981046813023
1444,0.4806306411836253
1445,0.47751093542035655
1446,0.494380061844341
1447,0.491535825882236
1448,0.49897060157783985
1449,0.5259610554267807
1450,0.49810784788554463
1451,0.48330838860876807
1452,0.4835863952560368
1453,0.48247805361909574
1454,0.4768007971335163
1455,0.48107764409734793
1456,0.47597825758237344
1457,0.4869090993518604
1458,0.46644121925593296
1459,0.4813050145484782
1460,0.4739796049961518
1461,0.469895810798103
1462,0.47439025764036097
1463,0.4734001758263911
1464,0.48024088401149445
1465,0.4839984464181035
1466,0.503033668788496
1467,0.4925622430422655
1468,0.4750022332907985
1469,0.46691372228000316
1470,0.48494725115806714
1471,0.46947892020572984
1472,0.4679710650601207
1473,0.4705451315431253
1474,0.4698978236685859
1475,0.46876042811445356
1476,0.4684115571245033
1477,0.4680103005101083
1478,0.4676983122739042
1479,0.46940276214177395
1480,0.4679752745470785
1481,0.46909882268543535
1482,0.4730654922557504
1483,0.46882709741578543
1484,0.4684309198315711
1485,0.4679899363201782
1486,0.47358219188116163
1487,0.4681126845787738
1488,0.46842193599293314
1489,0.4682318155806433
1490,0.46774850316385724
1491,0.469683498610501
1492,0.4694615025259708
1493,0.469882851305878
1494,0.46802482571961473
1495,0.46803331016731253
1496,0.46918059469951184
1497,0.4694869285314457
1498,0.46773865727357644
1499,0.46821153211711697
1500,0.46739681718495385
1501,0.47562338121379005
1502,0.46721393208241907
1503,0.4742013981411812
1504,0.47355262028833606
1505,0.46828256878705465
1506,0.46948102888115195
1507,0.4695835376090449
1508,0.4688051770583244
1509,0.46806114907636714
1510,0.46822673938464243
1511,0.46922862478343264
1512,0.4719301712367818
1513,0.46913928180203
1514,0.47187327530552453
1515,0.4666116659556663
1516,0.4665053359797035
1517,0.4691631970375272
1518,0.4749206291854139
1519,0.46853155427277804
1520,0.46882299270100375
1521,0.46770206121110025
1522,0.4679238842684736
1523,0.47151446773788697
1524,0.46797360248470393
1525,0.4698184804554117
1526,0.4693750430284739
1527,0.46824836996614844
1528,0.46750934676913825
1529,0.46772668462590683
1530,0.46813749769098745
1531,0.46791764525303975
1532,0.46920576250533647
1533,0.4703749106584725
1534,0.4677385765204595
1535,0.46763093044809445
1536,0.4689463262567039
1537,0.4722728376417213
1538,0.47561866933269425
1539,0.4703587427052346
1540,0.474239692019363
1541,0.4792865009421838
1542,0.473843821827109
1543,0.4736133898690025
1544,0.4740061232286426
1545,0.47863296505263003
1546,0.47476380921018396
1547,0.4760984627765242
1548,0.4744342745453246
1549,0.4742585700770252
1550,0.47295675325637887
1551,0.48148121004334593
1552,0.47773021262981946
1553,0.4739360235889391
1554,0.47733631504376506
1555,0.47697609041696837
1556,0.4775508850222677
1557,0.4759912833846638
1558,0.47120482073008835
1559,0.47950865944425247
1560,0.4840007974001851
1561,0.4831201394046829
1562,0.48329522922771057
1563,0.4789558973712957
1564,0.4896985371070214
1565,0.47568247455969603
1566,0.4759094908151284
1567,0.478569773269703
1568,0.4728205809800569
1569,0.4944852137681177
1570,0.4816503551398402
1571,0.47566233472613045
1572,0.4758506521896564
1573,0.4784529463353613
1574,0.4788997875632518
1575,0.4797645164407611
1576,0.5019025442756297
1577,0.48452226921459435
1578,0.49554659634599807
1579,0.4877796967123982
1580,0.4933437263371698
1581,0.4819654076204049
1582,0.4878221963363038
1583,0.4771810357201116
1584,0.4766098913620892
1585,0.4826231104057236
1586,0.47597743719197977
1587,0.4782250971608862
1588,0.6603627780652364
1589,0.4777566398597986
1590,0.48328014912670186
1591,0.47719421714137616
1592,0.4812147518991319
1593,0.4754917365761302
1594,0.48759885140638853
1595,0.5000604761405864
1596,0.4884271884891596
1597,0.48169293371545263
1598,0.4852712725793674
1599,0.48170295476033376
1600,0.4770248033164261
1601,0.4755940043869224
1602,0.479601995414688
1603,0.4770022324927695
1604,0.47522972664346197
1605,0.47967647874811825
1606,0.49168577039776806
1607,0.5346626314053086
1608,0.4774002706144476
1609,0.48540685455034277
1610,0.47502526268655787
1611,0.4786826650936698
1612,0.5174515352099855
1613,0.48059880255538423
1614,0.4967593535064846
1615,0.4959248717842693
1616,0.47659473989314316
1617,0.4782073983088394
1618,0.4814952126164644
1619,0.47810401622010107
1620,0.49647453265514463
1621,0.47017789900023277
1622,0.5024854292727137
1623,0.4790343122655313
1624,0.47792598104107187
1625,0.4761173707748206
1626,0.4782314929091835
1627,0.5008479646024707
1628,0.48943754722366106
1629,0.4784620307147488
1630,0.46793388553715126
1631,0.5104256008252661
1632,0.4753232386301631
1633,0.5278309204310656
1634,0.48359616380732035
1635,0.46644121925593296
1636,0.48867601348005374
1637,0.4840452957346191
1638,0.48440517638339925
1639,0.49035987887317595
1640,0.5330582755682095
1641,0.480451495192119
1642,0.475822865325836
1643,0.4673490385405638
1644,0.48859874514067564
1645,0.47645549306105434
1646,0.4997957297517374
1647,0.5238479338302442
1648,0.4683197189696731
1649,0.48366069621967894
1650,0.49477634969801115
1651,0.4706554240245381
1652,0.4753998182258042
1653,0.5038805089978822
1654,0.5151808638349817
1655,0.48602043366467795
1656,0.4845795431496449
1657,0.491532932235746
1658,0.48298574510229025
1659,0.4820068656342739
1660,0.5370489097485831
1661,0.5364230469992872
1662,0.48568804077664596
1663,0.4849129749582147
1664,0.4750439735943474
1665,0.4799164386131443
1666,0.47430979334666323
1667,0.4913404094620992
1668,0.4765471970041229
1669,0.47609733764860623
1670,0.46644121925593296
1671,0.46681646342006283
1672,0.4815528590742252
1673,0.47787353914826564
1674,0.47882307898491805
1675,0.4827177068291803
1676,0.4760477291932282
1677,0.47803723324405667
1678,0.49040291810984904
1679,0.4805786228579666
1680,0.47738202873238533
1681,0.4844523130315555
1682,0.46971702576350194
1683,0.48311267821685455
1684,0.4778436749454875
1685,0.48555099404281765
1686,0.48627006072219225
1687,0.5045192453285436
1688,0.4849619764669211
1689,0.49781349035746536
1690,0.48393828441057324
1691,0.5063816739290354
1692,0.48567707986003633
1693,0.4996602452377574
1694,0.47568600445095033
1695,0.5093488457130824
1696,0.4819280929525626
1697,0.4788588914413687
1698,0.47640268676867364
1699,0.48644842211672695
1700,0.47675877398316574
1701,0.49278851307464816
1702,0.47754865276311564
1703,0.48487123786327435
1704,0.477244192792232
1705,0.4743808097826819
1706,0.48077838794653577
1707,0.48079686406672656
1708,0.47992499678170836
1709,0.4829121631235979
1710,0.5053531905994391
1711,0.5033833169660533
1712,0.48582853774058843
1713,0.5399781378871333
1714,0.4813833334335457
1715,0.4984442601065521
1716,0.49671104329639876
1717,0.4774446787022534
1718,0.4859756861118415
1719,0.5450679834971733
1720,0.48152933697973316
1721,0.48344719175187467
1722,0.4858399107242608
1723,0.4747318882020099
1724,0.5000622050691204
1725,0.479686269117602
1726,0.491841854739973
1727,0.48465129614007185
1728,0.5179388980815429
1729,0.4959063725600114
1730,0.5302956508913134
1731,0.47506703153628793
1732,0.5081871430311317
1733,0.4820517495679373
1734,0.4880059906021714
1735,0.4879992886569074
1736,0.5148527504476534
1737,0.5157438165815427
1738,0.5296755378280612
1739,0.48525855847287735
1740,0.5067266486879972
1741,0.4826699444183253
1742,0.5024217888118913
1743,0.4922881419750605
1744,0.48132632696777494
1745,0.5071992469848723
1746,0.4931241140344659
1747,0.4857113506921211
1748,0.5107813583098206
1749,0.48164731679606027
1750,0.4913270162211747
1751,0.47440650229241077
1752,0.48687973944519264
1753,0.4873442512676758
1754,1.0
1755,0.49968105139742086
1756,0.48363186057387314
1757,0.4898667060634614
1758,0.4911370359944524
1759,0.48766575381390503
1760,0.5179499367677355
1761,0.5059009951356181
1762,0.49140378877750507
1763,0.4828598409245563
1764,0.49613122787252645
1765,0.4965715164606328
1766,0.4985385506505102
1767,0.5058389488535989
1768,0.5017867080201778
1769,0.517007363263143
1770,0.4870748590733012
1771,0.597913640888142
1772,0.5167619276890728
1773,0.4916334476199527
1774,0.5191929843697877
1775,0.4866744993973221
1776,0.4854120638752353
1777,0.4932193820259822
1778,0.8124889010407841
1779,0.49195945249566797
1780,0.5084276072677857
1781,0.489087276747768
1782,0.48580471204567655
1783,0.5021273386890515
1784,0.5035520297742073
1785,0.49504389769653445
1786,0.5116886079512676
1787,0.49034256382971236
1788,0.48382571676115715
1789,0.4975428908420686
1790,0.5033815264417362
1791,0.5085570653909739
1792,0.4665075265122608
1793,0.4664836405770007
1794,0.4666430501368917
1795,0.46653214675751276
1796,0.4667660978839776
1797,0.46657580444347885
1798,0.4666201773928931
1799,0.4665456356180346
1800,0.4667046538406401
1801,0.4667363479670753
1802,0.4668102748466701
1803,0.46661100861429383
1804,0.46661854848114476
1805,0.4665196082486052
1806,0.4665904023809132
1807,0.4666738393017013
1808,0.4665826581388353
1809,0.467453260880247
1810,0.46658312665770824
1811,0.4667183427863917
1812,0.4668373557388435
1813,0.46719345432024745
1814,0.4666610349104057
1815,0.46687579590660866
1816,0.46651629220328417
1817,0.46644695756515125
1818,0.4667710044720466
1819,0.4666102701554715
1820,0.46733919071532565
1821,0.4666115200060382
1822,0.46666739560826315
1823,0.46662069759937913
1824,0.46664359836568203
1825,0.46662688120321627
1826,0.466821198114066
1827,0.4666188013544508
1828,0.46658578837169323
1829,0.46664443667502137
1830,0.46656089595132116
1831,0.46652039297724895
1832,0.4669292842746854
1833,0.4665694225221441
1834,0.4715464682903998
1835,0.46694105651105816
1836,0.4668923306354153
1837,0.46678446480953634
1838,0.4682378282049749
1839,0.4679820059682031
1840,0.46665885975555554
1841,0.4670226062790095
1842,0.46653024924944175
1843,0.4667662061469069
1844,0.4667113202747251
1845,0.4687076125930212
1846,0.4671676265534777
1847,0.46690609642838554
1848,0.4714558268653257
1849,0.4685506379385962
1850,0.46715862740575803
1851,0.46702926233961506
1852,0.4672171720838792
1853,0.4668812349956802
1854,0.4674680044299574
1855,0.46669126131613575
1856,0.4697479361301439
1857,0.4689494448510537
1858,0.4664531196442118
1859,0.4672222980970699
1860,0.46738488201694106
1861,0.46912690264462087
1862,0.46761509062082846
1863,0.4672618638268047
1864,0.4676853267087642
1865,0.46644121925593296
1866,0.4671866385913612
1867,0.4667502029882628
1868,0.4671533315150403
1869,0.46786441718727956
1870,0.4666615759130617
1871,0.4684276411417695
1872,0.4672993995154579
1873,0.46863035868973146
1874,0.4679588298390985
1875,0.4689047763692241
1876,0.47018961315333563
1877,0.4715305060807214
1878,0.46878203385515055
1879,0.46875259178457995
1880,0.4676598256232183
1881,0.4677832924617036
1882,0.47247447411634097
1883,0.4677526602807849
1884,0.46898547890241704
1885,0.4669893936705139
1886,0.4671680854689043
1887,0.46735346380627224
1888,0.46647076542564186
1889,0.46659276342217954
1890,0.4669239022404511
1891,0.46685913471234436
1892,0.4667572833428456
1893,0.46682349427933506
1894,0.46667930324867346
1895,0.46667354266078914
1896,0.46725945980341815
1897,0.46740325057956417
1898,0.46754991311256183
1899,0.466892092436744
1900,0.46778726160016565
1901,0.4680321203477076
1902,0.46644945972825
1903,0.4668243322852822
1904,0.46700696456570856
1905,0.4672458901863408
1906,0.4667490533487741
1907,0.4667639489280035
1908,0.46704962563068125
1909,0.46768308010369114
1910,0.4667829643868314
1911,0.4670709707180074
1912,0.46750195097590186
1913,0.46672494711302875
1914,0.4666862901899203
1915,0.4666434123034689
1916,0.466774521188023
1917,0.46663963158916805
1918,0.46681977668980656
1919,0.46690334884419626
1920,0.4678989417244554
1921,0.4683524007363698
1922,0.4687612980886721
1923,0.47210615554001956
1924,0.46721782987455157
1925,0.46799382677313117
1926,0.47064469751829296
1927,0.4690466656746885
1928,0.4695296303664617
1929,0.4697990570023407
1930,0.4734331274775429
1931,0.4693108739792138
1932,0.4706856614732133
1933,0.46966340143709795
1934,0.46997081570870486
1935,0.4715332001070824
1936,0.47083033039327293
1937,0.4685771408256909
1938,0.4726958137451406
1939,0.4696980049690532
1940,0.46729135574560604
1941,0.4673543747127519
1942,0.46718820989801524
1943,0.4676569033493644
1944,0.4699812351280186
1945,0.4686935991282276
1946,0.48002323241803047
1947,0.4776502661459341
1948,0.468423576163268
1949,0.4677307547972234
1950,0.4690038582659485
1951,0.46903791107068993
1952,0.469616832277471
1953,0.47094650105405134
1954,0.4883022917979095
1955,0.47762325816877027
1956,0.470716399168776
1957,0.47077368864399166
1958,0.4688378288819857
1959,0.4722294799840648
1960,0.4862257308656894
1961,0.47902103644806127
1962,0.4786338371773766
1963,0.47063402290526135
1964,0.47144246784158866
1965,0.47103212193999466
1966,0.4779740254626935
1967,0.48304145487676037
1968,0.47100703751006034
1969,0.46999066225080227
1970,0.47283079408667955
1971,0.4697166496764736
1972,0.47911143907839815
1973,0.4736409961554246
1974,0.4743232834467326
1975,0.47072173287334107
1976,0.4724442955851476
1977,0.47731715558704296
1978,0.47639154853853893
1979,0.4732087393839902
1980,0.47278421651682856
1981,0.5025764144189845
1982,0.47059648621855776
1983,0.4690951598591213
1984,0.46716475225813703
1985,0.46681303546610586
1986,0.46773226228497516
1987,0.4674722389196571
1988,0.4668443561712246
1989,0.4673480283039684
1990,0.4673978168355036
1991,0.4676875158745311
1992,0.46820909124831683
1993,0.4676768260053494
1994,0.46781518554573553
1995,0.47047393023550466
1996,0.46771715887262744
1997,0.46770064126860456
1998,0.46830732458897717
1999,0.4678059851694874
2000,0.46645553183870414
2001,0.4666981632968642
2002,0.4671898891472391
2003,0.46674836933226327
2004,0.46686151837950035
2005,0.4669891498405664
2006,0.4675103994950651
2007,0.4667768763116003
2008,0.4678553298434324
2009,0.4672980901864498
2010,0.4676018496452374
2011,0.4688563747095278
2012,0.46817867895725296
2013,0.4669191339815855
2014,0.467895704161814
2015,0.4678387057828656
2016,0.46871407398716425
2017,0.47122497333347685
2018,0.4716767894058072
2019,0.46927712819454337
2020,0.46850222266012026
2021,0.4684934160369
2022,0.46924046353795995
2023,0.46971772458055905
2024,0.4769176570177918
2025,0.470868929657098
2026,0.4719900967274242
2027,0.4825896859146303
2028,0.47220276947034345
2029,0.47109331354720374
2030,0.4711911314085074
2031,0.4697134560110895
2032,0.47308409708817384
2033,0.5532444782683351
2034,0.47103827696935846
2035,0.4683328757025047
2036,0.4881845020114882
2037,0.46842221742645773
2038,0.47822803639899225
2039,0.46955503471410953
2040,0.4763215002965503
2041,0.47106090717936516
2042,0.470085436081042
2043,0.4740629786202254
2044,0.469777437641988
2045,0.46979959177503483
2046,0.47099203500181586
2047,0.4758494520023097
2048,0.4741834784362397
2049,0.473084558482779
2050,0.47225031604419276
2051,0.48337578923118196
2052,0.4736194719727397
2053,0.47221952714735815
2054,0.47150373595910755
2055,0.47201580960443973
2056,0.4815487545787154
2057,0.47424415297351535
2058,0.47742638230115153
2059,0.4739228587802258
2060,0.47587909386203403
2061,0.4699410407352497
2062,0.6870730788705506
2063,0.4798074507000808
2064,0.46835412669467275
2065,0.4668387288686389
2066,0.4665856288822744
2067,0.46700339026952425
2068,0.46644121925593296
2069,0.46694054828102827
2070,0.4667455522661698
2071,0.4683044873365089
2072,0.4739868594463265
2073,0.4727073620124155
2074,0.4734282461478196
2075,0.4770330468656226
2076,0.4708747609464935
2077,0.4723736148188397
2078,0.47498682386196084
2079,0.47799587541390626
2080,0.4671070926543819
2081,0.46794626492524516
2082,0.4670724722120739
2083,0.4701729506329978
2084,0.4831230671840294
2085,0.4779782902677805
2086,0.4849406630370625
2087,0.4917971713566483
2088,0.4870453376109942
2089,0.47571939792034046
2090,0.4921451855715001
2091,0.5104988716864277
2092,0.4686528696466885
2093,0.48070975514868
2094,0.49254061333199006
2095,0.4820796373361369
2096,0.4813676326910222
2097,0.4824770530551637
2098,0.48569704393448904
2099,0.4788725851504664
2100,0.4766967822283413
2101,0.4737792710012749
2102,0.4892383123959633
2103,0.4931454887423534
2104,0.4779016293702158
2105,0.5500565813892545
2106,0.4908227705910665
2107,0.5174890710817164
2108,0.48318519785467395
2109,0.4879707996318425
2110,0.5114674720284317
2111,0.47643887105530497
2112,0.466986583531188
2113,0.4775516605980376
2114,0.4717508847412536
2115,0.47521178116810603
2116,0.4702099155164836
2117,0.47657698774173
2118,0.4732591543344174
2119,0.4734039485554644
2120,0.48393677617465697
2121,0.47739839157487374
2122,0.47684347423569895
2123,0.48602530906529023
2124,0.47899455157548415
2125,0.4902979160304127
2126,0.4846311074585745
2127,0.4827175961896474
2128,0.48117067261647695
2129,0.4702988750085493
2130,0.48067927557486484
2131,0.47372435485804243
2132,0.47271407866216747
2133,0.4790949296797099
2134,0.4746342432731488
2135,0.47407562701343703
2136,0.5042881416422524
2137,0.47765759843176725
2138,0.47617576228189545
2139,0.4771020057283588
2140,0.47390851880776413
2141,0.4845239417266487
2142,0.48695683778126797
2143,0.4772144777426636
2144,0.47722322140988616
2145,0.4764159337446129
2146,0.4887864877518135
2147,0.486489420483245
2148,0.5161773785701143
2149,0.46681427331047287
2150,0.4881475423892632
2151,0.4810960863794862
2152,0.4762597343782855
2153,0.6381395035566184
2154,0.4844978174650587
2155,0.480308837603595
2156,0.4912521605112553
2157,0.48569721768588475
2158,0.49293649200732675
2159,0.47202329488836225
2160,0.4744121908282378
2161,0.4721531657891465
2162,0.48013020058527534
2163,0.47922930576272327
2164,0.48220615499153646
2165,0.479747223821741
2166,0.48782764361224246
2167,0.49379879022318085
2168,0.46769106743115474
2169,0.47871596487089946
2170,0.48257313623884107
2171,0.7215665665261417
2172,0.4842263911590557
2173,0.47876173477592965
2174,0.4824542039427966
2175,0.4772456390790352
2176,0.4786878167836949
2177,0.4911032422329673
2178,0.488159549427173
2179,0.48178821795091015
2180,0.5672912038767522
2181,0.48045249514044075
2182,0.4775085778207192
2183,0.49022297794310943
2184,0.47645632641847324
2185,0.48828490528156393
2186,0.4830029093808269
2187,0.4846718529938685
2188,0.5058185399792414
2189,0.49211770986675046
2190,0.4955650712788387
2191,0.4895414340699036
2192,0.5144470123972231
2193,0.817927635948867
2194,0.49576816137156904
2195,0.49538465101828666
2196,0.49023605072806065
2197,0.4915065032663128
2198,0.489616808195223
2199,0.4816551872000696
2200,0.491164803501767
2201,0.5011389597387165
2202,0.497855737446129
2203,0.5042343113702562
2204,0.4965328701522613
2205,0.4846290610833618
2206,0.5534553196975647
2207,0.5596936868758391
2208,0.5138383580076005
2209,0.4961895571894807
2210,0.48841316222166636
2211,0.5247776313042573
2212,0.4841635875550949
2213,0.49026668886462266
2214,0.48044752149997283
2215,0.51229929735274
2216,0.48570379938028946
2217,0.48893037285425645
2218,0.49231945625860185
2219,0.4866382297577758
2220,0.47506082967382124
2221,0.47999571839315575
2222,0.5517829125993843
2223,0.5052205914832406
2224,0.5034389094431899
2225,0.5191707348126988
2226,0.4974722671430533
2227,0.49320876808666714
2228,0.5182952134077775
2229,0.4864344622054612
2230,0.5409200405229986
2231,0.48165455090526116
2232,0.4901053726692052
2233,0.5013762491208633
2234,0.5193023940275721
2235,0.5055602215933666
2236,0.5054397682916164
2237,0.46644121925593296
2238,0.4880250336388956
2239,0.4959756780057492
2240,0.48407931327370823
2241,0.49331936264840187
2242,0.4952466170282127
2243,0.49448701741725803
2244,0.4878637494719724
2245,0.49794785077242
2246,0.500100783079184
2247,0.4918379753589045
2248,0.48290907037376013
2249,0.47056766633675184
2250,0.494461887056548
2251,0.4780837575093486
2252,0.513222137990669
2253,0.4955899712296773
2254,0.4870571733026833
2255,0.48979543997623665
2256,0.49873203041110015
2257,0.4851347908985931
2258,0.5164094664689013
2259,0.506047523128684
2260,0.4925958368822171
2261,0.47872471327327865
2262,0.49797812569270594
2263,0.4831702395716464
2264,0.49743681836570447
2265,0.49458361707948706
2266,0.515008202542204
2267,0.49368000767568526
2268,0.5061144774888974
2269,0.48964562930154887
2270,0.49031338830278737
2271,0.4955532291053406
2272,0.6243093840595563
2273,0.4975404661839514
2274,0.5174040992100282
2275,0.505383481353167
2276,0.4869608126577034
2277,0.4969314829729407
2278,0.7021883133284321
2279,0.48610760592720176
2280,0.49141881995679465
2281,0.49437621426763817
2282,0.5026776421297415
2283,0.4850950025360967
2284,0.539558364650962
2285,0.4904044689535851
2286,0.47987777965296124
2287,0.512347196667769
2288,0.4821404137471777
2289,0.5141881252849971
2290,0.5819023047646037
2291,0.4899163622018795
2292,0.48594130304859673
2293,0.5184747009428093
2294,0.4850453901471433
2295,0.5459717638510038
2296,0.5022654761345187
2297,0.4998277466938852
2298,0.4854530809494723
2299,0.5563988718217895
2300,0.4885782523727389
2301,0.4899263452845345
2302,0.49405127251247893
2303,0.491349647452447
2304,0.47420307783766563
2305,0.4689896345563357
2306,0.4707875915660155
2307,0.47207794098076133
2308,0.46808285052526166
2309,0.4681734540677084
2310,0.46840275027998185
2311,0.46998144576598827
2312,0.4700706777930941
2313,0.4690915649150295
2314,0.4749809852332906
2315,0.4725223158232352
2316,0.47094411670960495
2317,0.46822908760093035
2318,0.4665016770646518
2319,0.46823862984640696
2320,0.46804192444609616
2321,0.46711004356778757
2322,0.4687589564961211
2323,0.46683324210770344
2324,0.4670509575671903
2325,0.4666830140162538
2326,0.46671735521611063
2327,0.46686214546868726
2328,0.4671915036272003
2329,0.46774621120471127
2330,0.4677335955160069
2331,0.4669251185350309
2332,0.4667546301938111
2333,0.4665796906265771
2334,0.4668514233333258
2335,0.46686202065126886
2336,0.4696979097378901
2337,0.4702488319056145
2338,0.4680269881605446
2339,0.47126221422365455
2340,0.46996378823513524
2341,0.46991447847037826
2342,0.470557987597316
2343,0.46989474253543534
2344,0.46796576480936697
2345,0.4699946267430717
2346,0.46812180894525
2347,0.4703814270208163
2348,0.4694768710309291
2349,0.4750544391765704
2350,0.4711163032008925
2351,0.46831209978658067
2352,0.4670737035826348
2353,0.46709769033379234
2354,0.469515216793572
2355,0.46699609392534114
2356,0.4666186988591196
2357,0.46677403159062075
2358,0.46701986393687245
2359,0.46762900189162954
2360,0.46818089925958856
2361,0.46753664092235675
2362,0.468291503607514
2363,0.46730703208679636
2364,0.466762587585862
2365,0.4691554764625311
2366,0.4670005265711618
2367,0.46926967441087236
2368,0.466697864979673
2369,0.4668096408662174
2370,0.4665988846945519
2371,0.466498676430843
2372,0.4665820205131102
2373,0.4668165173750202
2374,0.4667801135688254
2375,0.4670357441818721
2376,0.467440977108416
2377,0.46645763161601395
2378,0.4668305824990785
2379,0.46677708434076215
2380,0.46710731855607207
2381,0.46746760656836017
2382,0.46799010278009046
2383,0.4684282516982926
2384,0.46702228817926594
2385,0.4678808582052209
2386,0.4677594912980836
2387,0.46752007848069793
2388,0.46895888727100316
2389,0.46930111042865724
2390,0.46904916100682703
2391,0.47025900939890103
2392,0.46835669044411693
2393,0.4692905089051582
2394,0.4681694385641805
2395,0.47065865352010816
2396,0.46961238623737434
2397,0.4708309171642947
2398,0.4712496086708191
2399,0.4746688045599728
2400,0.46686028414265696
2401,0.46719123946017715
2402,0.46742893778634326
2403,0.46735019074485357
2404,0.4680905628881067
2405,0.46751255082136317
2406,0.46845612746073795
2407,0.4751060841761923
2408,0.4678680574955658
2409,0.4673938478573957
2410,0.46711863308730844
2411,0.4677331119719313
2412,0.46822124724679665
2413,0.4681746665930021
2414,0.4764201084572138
2415,0.46991337059536964
2416,0.4699609169132282
2417,0.4721382772455988
2418,0.4734756758269197
2419,0.4682675943576356
2420,0.47274896595253885
2421,0.4724683822204908
2422,0.4731379856500525
2423,0.4731583375242848
2424,0.4694314661429778
2425,0.47347129508749825
2426,0.4689335699868228
2427,0.47325732188275255
2428,0.4752448738932651
2429,0.47373659165256254
2430,0.4722045625245647
2431,0.48000651218376816
2432,0.46644121925593296
2433,0.471599823591595
2434,0.4716090256793252
2435,0.46644121925593296
2436,0.4814430091254661
2437,0.4682299912229506
2438,0.4703981147208273
2439,0.46897857448893
2440,0.4728578054996799
2441,0.475024951577497
2442,0.47102268780823303
2443,0.4707089933295976
2444,0.4692519259766957
2445,0.46991960109062464
2446,0.47314025737848703
2447,0.46795451765619733
2448,0.468907636151903
2449,0.4671441006599741
2450,0.4672948194748938
2451,0.46706409727083814
2452,0.4670704388946709
2453,0.46823849613118346
2454,0.4670200954599835
2455,0.46708410276403034
2456,0.46912872038442743
2457,0.4671377928055591
2458,0.46747695507633463
2459,0.46708275971514385
2460,0.46763803892422345
2461,0.46709046963063183
2462,0.46767801019878713
2463,0.46753749126380606
2464,0.47251997814934565
2465,0.47811606205784796
2466,0.4722845393296076
2467,0.47220919589997756
2468,0.4707861310018988
2469,0.4677330503091673
2470,0.4721269948013535
2471,0.46977618132583615
2472,0.5153557106357657
2473,0.4693473963572891
2474,0.47125643544153756
2475,0.47340226968810306
2476,0.46904818028561096
2477,0.46818795819499553
2478,0.47165743029176765
2479,0.4691445256317792
2480,0.4673768225435454
2481,0.4674059118336154
2482,0.46906690454627664
2483,0.46997212362998525
2484,0.46718676085405275
2485,0.4668151238030762
2486,0.46713829483358205
2487,0.4679634135543297
2488,0.4679505335817638
2489,0.4751270517189519
2490,0.47581534749371274
2491,0.4680573109814872
2492,0.467899817296758
2493,0.46796644418358563
2494,0.4664795155973668
2495,0.46776682601306724
2496,0.4670570642330092
2497,0.4674320827961414
2498,0.4674018750455144
2499,0.46785179762150225
2500,0.46887630802541175
2501,0.47134192354885923
2502,0.4674484937301966
2503,0.47112680982205024
2504,0.47024804535218895
2505,0.46747473397284117
2506,0.4674006004473348
2507,0.46728226591018446
2508,0.4696597997492813
2509,0.46922807239286246
2510,0.4697411620252246
2511,0.47333500316385196
2512,0.4722274658673363
2513,0.4690475457471153
2514,0.4697009627219638
2515,0.4732352686887758
2516,0.47068373117716433
2517,0.47235379116782594
2518,0.4803815912129634
2519,0.48875274485097076
2520,0.47590793636816336
2521,0.4732740436041275
2522,0.4890661770932635
2523,0.4724227948048472
2524,0.48005039530102883
2525,0.5072670422116956
2526,0.48334094170858016
2527,0.5438366007381141
2528,0.4670168742963193
2529,0.4675223657751696
2530,0.4678521056177089
2531,0.46821177445844986
2532,0.468909517109391
2533,0.4752280620338354
2534,0.4673573899072771
2535,0.47357213139704246
2536,0.4686327488808738
2537,0.4684974101532313
2538,0.4670786848097712
2539,0.46967166884750516
2540,0.4689188016771245
2541,0.4676913560838604
2542,0.468451245289907
2543,0.4739981196343417
2544,0.47170472060882646
2545,0.5404564452401389
2546,0.4705070378927227
2547,0.4717594608599727
2548,0.47821873532243897
2549,0.4779278741587816
2550,0.47833711299432646
2551,0.48619849861003955
2552,0.4693932588559283
2553,0.4761721213174344
2554,0.4695708473870691
2555,0.46644121925593296
2556,0.46644121925593296
2557,0.4728068970554984
2558,0.47917713827465275
2559,0.48407913112220863
2560,0.46948749533129036
2561,0.46945267651508327
2562,0.46974798398914575
2563,0.46826098454326603
2564,0.4685949577860386
2565,0.46817298800911483
2566,0.4675700743123922
2567,0.4672280545856796
2568,0.46987346399228525
2569,0.4679249318107998
2570,0.4693585805815312
2571,0.4674768860039382
2572,0.4711044353890912
2573,0.4673682732388447
2574,0.46717959937808184
2575,0.4668258515243574
2576,0.46849410292488164
2577,0.46823642002912236
2578,0.46877355036810187
2579,0.46746259157438563
2580,0.46650144248438546
2581,0.46698404584673603
2582,0.4672431261945487
2583,0.4669109842834707
2584,0.4681522783006258
2585,0.4668121059705229
2586,0.4666853254749607
2587,0.46677064804254553
2588,0.4668810808667592
2589,0.46663090409279695
2590,0.4665685520378193
2591,0.46654133784983554
2592,0.4682640316260216
2593,0.4672231767915596
2594,0.4677204316145285
2595,0.4667288651185673
2596,0.46676230589271833
2597,0.4667440569615692
2598,0.46674885744200584
2599,0.46663279928598483
2600,0.4667665622220416
2601,0.46693092830084587
2602,0.46657128175704343
2603,0.46672053139403835
2604,0.46669099289643656
2605,0.46680957067132356
2606,0.4666564951793742
2607,0.46660232455466
2608,0.4666983505599291
2609,0.46646893744357326
2610,0.46713084997957577
2611,0.4666873866472995
2612,0.46712045061716917
2613,0.46644121925593296
2614,0.46728364174025544
2615,0.46669550735580756
2616,0.46668705720366443
2617,0.46670698596753196
2618,0.4668890068446495
2619,0.4682742092686609
2620,0.46760355502438816
2621,0.4667837620565839
2622,0.466934885027523
2623,0.4677549487707605
2624,0.4676551342357099
2625,0.46688843809983077
2626,0.4667373175117149
2627,0.4669013101125137
2628,0.4670236174966331
2629,0.467015408130914
2630,0.4666553985413104
2631,0.46669929329857074
2632,0.46679665853043784
2633,0.46742303038595256
2634,0.46661554201739097
2635,0.4666170120187998
2636,0.46680282250221106
2637,0.466809165284181
2638,0.4670116018224698
2639,0.4669040221377667
2640,0.46679641953078216
2641,0.4665907500385676
2642,0.46667908219582716
2643,0.4666703424215965
2644,0.46651932202090785
2645,0.46652808709136984
2646,0.4665481636255129
2647,0.46670292313262984
2648,0.46688391663848683
2649,0.4672198032424375
2650,0.4666888568266256
2651,0.4668056227553786
2652,0.46664807562447663
2653,0.46691104126685795
2654,0.4665912119679531
2655,0.4666482377246048
2656,0.4666351775278008
2657,0.4676518960069499
2658,0.46660271851278745
2659,0.46697308864171605
2660,0.4668994831770579
2661,0.4670315662415254
2662,0.46727080981235364
2663,0.4674555889555887
2664,0.46702880428504495
2665,0.46753730858803155
2666,0.47086125931103867
2667,0.4927106872381284
2668,0.4676917659056044
2669,0.46756629252185217
2670,0.4676831813883197
2671,0.4686951325770495
2672,0.4668116865397198
2673,0.46669572629441264
2674,0.4669154415256116
2675,0.4666297004060853
2676,0.4664946016289743
2677,0.46658667300647694
2678,0.4671059694087734
2679,0.46672635878388374
2680,0.46697982764711454
2681,0.46701117566670775
2682,0.46747582974403074
2683,0.4700911739332592
2684,0.4672159209768866
2685,0.47032651347096693
2686,0.4696634072753435
2687,0.4687781347208406
2688,0.46666610900759187
2689,0.46671661827472477
2690,0.46669962493489353
2691,0.4666097321943621
2692,0.46683367586112107
2693,0.4667997718483523
2694,0.46699653243041944
2695,0.4674611517917746
2696,0.46679371541357073
2697,0.4671959575275373
2698,0.4667771815042019
2699,0.46715808818714616
2700,0.4672250387383915
2701,0.46689951180088274
2702,0.4686065140219846
2703,0.4710977925115466
2704,0.4673622894388744
2705,0.47114509725271314
2706,0.46766098534464473
2707,0.46724351626259947
2708,0.46720810206256946
2709,0.46769777494809145
2710,0.46754417031591095
2711,0.46810250622027266
2712,0.4683346919353173
2713,0.46775729615883926
2714,0.46735611585710857
2715,0.4733396173998306
2716,0.4676102612057527
2717,0.47063539098725976
2718,0.4708520947386269
2719,0.4716205505933931
2720,0.46677575072419925
2721,0.4680384398012584
2722,0.4714984000186273
2723,0.4691116672971124
2724,0.46863777584156857
2725,0.4699084715884405
2726,0.475849248119236
2727,0.4708403033077261
2728,0.46964726738454704
2729,0.527692753275016
2730,0.4682282257962622
2731,0.4806344151498753
2732,0.46644121925593296
2733,0.47093028245987795
2734,0.4680991476595699
2735,0.4698193251863002
2736,0.46951534003096806
2737,0.46644121925593296
2738,0.4677207467321643
2739,0.46673698545198294
2740,0.47995235864319363
2741,0.46950938665362285
2742,0.4694259483771435
2743,0.4723720975753468
2744,0.4754770282597919
2745,0.4666909816417215
2746,0.4705314007291708
2747,0.4801135861090023
2748,0.46936092582864863
2749,0.4697149841334291
2750,0.4735142361497691
2751,0.4763494511980955
2752,0.467606594736623
2753,0.4680332205134779
2754,0.4678400111286239
2755,0.4744827648487427
2756,0.46719272748801666
2757,0.4722464355554728
2758,0.4897804578560205
2759,0.471337914441172
2760,0.46877219979172613
2761,0.4764931740292067
2762,0.4714140657846427
2763,0.4709633146474971
2764,0.47106949625496575
2765,0.46956447271239116
2766,0.4708011641573287
2767,0.47111757207743216
2768,0.47039589530210396
2769,0.4671645350791373
2770,0.4706034505623091
2771,0.4684764336209719
2772,0.4695324382905359
2773,0.47571483138779036
2774,0.46880913918648465
2775,0.4690652945330776
2776,0.47031551331055954
2777,0.46912976459645217
2778,0.4701545139133365
2779,0.4719840068181606
2780,0.4740371348046978
2781,0.47208211048336546
2782,0.47018836129703456
2783,0.4701132561128109
2784,0.4785830326243335
2785,0.47386474699691017
2786,0.4748548905906737
2787,0.47325998933210883
2788,0.49570228712191083
2789,0.4811986008315413
2790,0.4750741450463092
2791,0.49155281780871873
2792,0.4667822200307974
2793,0.4702500877934332
2794,0.4801053616800109
2795,0.4912458972285346
2796,0.47938813901045374
2797,0.473963418729044
2798,0.4757728054920056
2799,0.4730547976053488
2800,0.48087060561577905
2801,0.5467676691556101
2802,0.47158163112060864
2803,0.47139802577996104
2804,0.4712412446323208
2805,0.48502739873307615
2806,0.47284830774057796
2807,0.47251164692601905
2808,0.47268194798078367
2809,0.4769382077038711
2810,0.4906444079198904
2811,0.48425484945566255
2812,0.4796733475084856
2813,0.4976807747538029
2814,0.47636928942892753
2815,0.47733906114307356
2816,0.4712164932106195
2817,0.4703495612992424
2818,0.46985263360105917
2819,0.4758017740482707
2820,0.4753730487802831
2821,0.4725659781633852
2822,0.47203114603562385
2823,0.48765076131962315
2824,0.46864629271665253
2825,0.46884832548807276
2826,0.4727152523665461
2827,0.47042670504208534
2828,0.4722141390560988
2829,0.6433759522246565
2830,0.4694428102902072
2831,0.49518484926200224
2832,0.4727999255585048
2833,0.5200537327906994
2834,0.4738845500942389
2835,0.4814989875654832
2836,0.46666044452089445
2837,0.4826899560987403
2838,0.473366674577006
2839,0.471226534777833
2840,0.4798353540081989
2841,0.47375648963988387
2842,0.47418917248873155
2843,0.48452547475876107
2844,0.4810122280599829
2845,0.4767281824712985
2846,0.4796110697485371
2847,0.4752476708242617
2848,0.4713408724263743
2849,0.4702166948068527
2850,0.46809091028829486
2851,0.4691215778908666
2852,0.47179720666776603
2853,0.4711362701294203
2854,0.4738523039209021
2855,0.4698038294690652
2856,0.4691715267998815
2857,0.4687911752116833
2858,0.46681344581966744
2859,0.46751517343495985
2860,0.4687749285212254
2861,0.4690503780096376
2862,0.4715339436615631
2863,0.47341999183365013
2864,0.47423825195186126
2865,0.49618547543527397
2866,0.4680713973899428
2867,0.4790050991212765
2868,0.4722257664683217
2869,0.47465831881020126
2870,0.4764623235903223
2871,0.4804194847254717
2872,0.47279707848643976
2873,0.4723817892016536
2874,0.47102789869384976
2875,0.46749539595469874
2876,0.47600326499725093
2877,0.47061869339287876
2878,0.4724889984074148
2879,0.4714381099441956
2880,0.4977746145739202
2881,0.47499176957171446
2882,0.5038300725896142
2883,0.47449539050192474
2884,0.47969593146713685
2885,0.47302555166925625
2886,0.476519084522614
2887,0.4772988453069941
2888,0.520428789760245
2889,0.4780850913131785
2890,0.4744155268002694
2891,0.48577428804327283
2892,0.4682482867913143
2893,0.4753153499953875
2894,0.5092380077388186
2895,0.4778198414811387
2896,0.48709978726534114
2897,0.4820441430492512
2898,0.48072817020245834
2899,0.4828015933782648
2900,0.4906697178117893
2901,0.4802363658170821
2902,0.5438940221311007
2903,0.4850471265201797
2904,0.48152792721617393
2905,0.4806166792407758
2906,0.48037070394109604
2907,0.5145781748459975
2908,0.5002228703452404
2909,0.5261975701320398
2910,0.5149824112846111
2911,0.46644121925593296
2912,0.4731074930630441
2913,0.475171154170875
2914,0.4804581255322316
2915,0.4775303372429228
2916,0.4814934163172902
2917,0.4678494373513118
2918,0.4760315887492738
2919,0.49079511918967006
2920,0.4712554106676032
2921,0.4787373684626715
2922,0.4809276813268818
2923,0.4748490596118666
2924,0.4758558881760963
2925,0.4783811321383498
2926,0.47268610431832697
2927,0.47633113949596206
2928,0.48635878827900414
2929,0.48116818010687207
2930,0.48061415862672885
2931,0.47832742729708916
2932,0.47128758194931214
2933,0.4950215181295637
2934,0.5441740829239982
2935,0.4845628036263982
2936,0.47396372575609014
2937,0.48727650446340104
2938,0.542245022787295
2939,0.47724934695717625
2940,0.49590939732226974
2941,0.4712357593228692
2942,0.47490894773492337
2943,0.475639309189198
2944,0.4711876578480027
2945,0.46742705097610787
2946,0.46771305055838847
2947,0.46699925169745093
2948,0.4680668174707264
2949,0.4686566317746889
2950,0.4676579117771503
2951,0.47108156730086687
2952,0.46852385053996654
2953,0.4680410365108591
2954,0.46706694000589727
2955,0.46826804196554467
2956,0.468294693747442
2957,0.4703944986935831
2958,0.4684870474460821
2959,0.46884305070365806
2960,0.46886139498315216
2961,0.4742238967430069
2962,0.4729848326896157
2963,0.4686277781022159
2964,0.4860362418660147
2965,0.47243952677440476
2966,0.47141629121756007
2967,0.4712172202415605
2968,0.46867245986685746
2969,0.4686306652837911
2970,0.4727497141522499
2971,0.468375915314533
2972,0.46906295690432215
2973,0.48024611516144267
2974,0.5096551911973174
2975,0.4701339177468601
2976,0.46777481776768753
2977,0.4676425957041914
2978,0.46715556952020004
2979,0.4671579164671161
2980,0.4677582335109837
2981,0.4680940549165072
2982,0.46721850852316055
2983,0.46649544930115816
2984,0.4668729332968766
2985,0.4696240055206116
2986,0.466942852910511
2987,0.46648989026913035
2988,0.46754123884723414
2989,0.46676101332701947
2990,0.46680783170495593
2991,0.4666197489568011
2992,0.4674265157008585
2993,0.46809059992667135
2994,0.46744610497822153
2995,0.46796915377216364
2996,0.4676544204763054
2997,0.4697365005001825
2998,0.46819137695259033
2999,0.47248614801504957
3000,0.467426314860329
3001,0.4672759309482467
3002,0.46723472344535766
3003,0.46702968441630976
3004,0.4676318626243763
3005,0.46786800619699875
3006,0.4671283400373314
3007,0.4672155410055034
3008,0.47406976756706826
3009,0.47450397079343826
3010,0.47047422784543613
3011,0.47219547771261067
3012,0.4759077849836435
3013,0.4805912392142458
3014,0.48121477100976545
3015,0.46945367940556737
3016,0.4748509737559017
3017,0.4735526283373276
3018,0.47716874465163656
3019,0.46918537921832626
3020,0.4864796728457969
3021,0.4716520591075187
3022,0.4758976043628083
3023,0.473660614922954
3024,0.4787845395443083
3025,0.5185123017360275
3026,0.5107132821920298
3027,0.4680508880469745
3028,0.4845091243478545
3029,0.47936199037616845
3030,0.48133320051323275
3031,0.4926631355452767
3032,0.4777610297307631
3033,0.47543169288589715
3034,0.47572100381630883
3035,0.47809456957943214
3036,0.47709999583931456
3037,0.48142600108850814
3038,0.47498628633557616
3039,0.48221246412743485
3040,0.4726396441186466
3041,0.46826251124924545
3042,0.4706987064695573
3043,0.4698188736795979
3044,0.46852103439640835
3045,0.46894997447333536
3046,0.46903793865299437
3047,0.4711116704074659
3048,0.46793488031212327
3049,0.4694352089741358
3050,0.46706502664217997
3051,0.4691971725676545
3052,0.46834178634805823
3053,0.47530754857896795
3054,0.47014677531505056
3055,0.47126923463584797
3056,0.46923220937537774
3057,0.46933672610710064
3058,0.4691211289383713
3059,0.47019991093647273
3060,0.4741861615619443
3061,0.47718586632278315
3062,0.4725780086165904
3063,0.4736188290067377
3064,0.4722385254601429
3065,0.4715720385273777
3066,0.4682176224059359
3067,0.4743476753185309
3068,0.4703103929710733
3069,0.47222797464348565
3070,0.4700286292019795
3071,0.47091976343783143
